applicant_id,application_date,race,gender,zip_code,loan_amount,income,approved
A0001,2024-01-04,Black,Male,48217,171000,71500,APPROVED
A0002,1/5/2024,Hispanic,Female,79901,172500,67500,DENIED
A0003,06-Jan-2024,White,Male,48104,"192,500",62500,APPROVED
A0004,2024-01-07,Caucasian,Male,2138,201000,67500,APPROVED
A0005,1/8/2024,White,Male,60614,69500,,APPROVED
A0006,09-Jan-2024,White,male,80302,209000,"$61,000",APPROVED
 A0007 ,2024-01-10,Other,Female,77002,209000,94500,APPROVED
A0008,1/11/2024,,Female,77002,103000,41000,APPROVED
A0009,12-Jan-2024,White,Male,2138,"206,000",60500,Approved
A0010,2024-01-13,Black,Male,30310,203500,72500,APPROVED
A0011,1/14/2024,white,Male,80302,306000,81000,APPROVED
A0012,15-Jan-2024,Hispanic,Male,78207,236500,75500,APPROVED
A0013,2024-01-16,White,Female,60614,337500,95500,APPROVED
A0014,1/17/2024,White,Female,94027,232000,N/A,APPROVED
A0015,18-Jan-2024,White,Female,94027,"140,000",52000,APPROVED
A0016,2024-01-19,White,Male,60614,401000,110000,APPROVED
A0017,1/20/2024,American Indian,F,59022,372500,99000,APPROVED
A0018,21-Jan-2024,Caucasian,Male,2138,174500,61000,DENIED
A0019,2024-01-22,White,Female,60614,169500,56500,DENIED
A0020,1/23/2024,White,Female,60614,206500,73000,APPROVED
A0021,24-Jan-2024,White,Male,60614,"184,500",64500,APPROVED
A0022,2024-01-25,White,Female,60614,317500,"$88,500",Y
A0023,1/26/2024,White,Female,94027,170000,NULL,APPROVED
A0024,27-Jan-2024,Hispanic,Male,79901,212500,90500,DENIED
A0025,2024-01-28,,Female,2138,207500,71000,APPROVED
 A0026 ,1/29/2024,White,Male,94027,274000,74000,APPROVED
A0027,30-Jan-2024,Hispanic,Male,33125,"240,000",69000,APPROVED
A0028,2024-01-31,White,female,60614,357000,102000,APPROVED
A0029,2/1/2024,Black,Female,63115,226000,79000,APPROVED
A0030,02-Feb-2024,White,Male,94027,141000,"$60,000",APPROVED
A0031,2024-02-03,White,Female,94027,244000,68000,APPROVED
A0032,2/4/2024,Caucasian,Female,60614,84500,-,APPROVED
A0033,05-Feb-2024,Black,Male,30310,"208,000",83500,DENIED
A0034,2024-02-06,Black,Male,30310,230500,63500,DENIED
A0035,2/7/2024,White,Female,48104,205000,74000,Approved
A0036,08-Feb-2024,Asian,Male,92841,201500,71500,APPROVED
A0037,2024-02-09,Black,Female,60619,138500,46500,DENIED
A0038,2/10/2024,Asian,Male,94538,316500,"$84,000",APPROVED
A0039,11-Feb-2024,white,F,2138,"217,000",66500,APPROVED
A0040,2024-02-12,Black,Male,48217,163500,43500,APPROVED
A0041,2/13/2024,White,Male,48104,222500,,DENIED
A0042,14-Feb-2024,,Female,2138,-45000,82500,APPROVED
A0043,2024-02-15,White,Male,2138,83500,28500,DENIED
A0044,2/16/2024,White,Female,48104,286000,88500,APPROVED
 A0045 ,17-Feb-2024,Asian,Male,92841,"216,500",72000,APPROVED
A0046,2024-02-18,black,Female,48217,62500,"$26,500",DENIED
A0047,2/19/2024,White,Female,60614,161000,63500,APPROVED
A0048,20-Feb-2024,Hispanic,Male,33125,213500,89500,Y
A0049,2024-02-21,White,Male,2138,349000,96500,DENIED
A0050,2/22/2024,Hispanic,male,33125,281500,N/A,APPROVED
A0051,23-Feb-2024,White,Female,48104,"329,000",92000,DENIED
A0052,2024-02-24,Other,Male,10001,200000,86500,DENIED
A0053,2/25/2024,asian,Female,92841,232500,79500,APPROVED
A0054,26-Feb-2024,Black,Male,63115,233500,"$80,000",DENIED
A0055,2024-02-27,Asian,Female,92841,331000,110000,APPROVED
A0056,2/28/2024,White,Female,2138,194000,76500,APPROVED
A0057,29-Feb-2024,Hispanic,Male,79901,"114,500",48500,APPROVED
A0058,2024-03-01,American Indian,Male,57350,204000,73500,APPROVED
A0059,3/2/2024,,Male,60619,385000,NULL,APPROVED
A0060,03-Mar-2024,Caucasian,Female,80302,227000,78000,APPROVED
A0061,2024-03-04,White,F,80302,288500,97500,Approved
A0062,3/5/2024,White,Male,94027,301500,"$85,000",APPROVED
A0063,06-Mar-2024,American Indian,Female,59022,"54,000",22000,DENIED
 A0064 ,2024-03-07,White,Male,2138,280500,0,APPROVED
A0065,3/8/2024,White,Male,60614,272000,81500,APPROVED
A0066,09-Mar-2024,Asian,Female,92841,244000,78000,DENIED
A0067,2024-03-10,asian,Male,92841,143000,40000,APPROVED
A0068,3/11/2024,White,Female,48104,283000,-,APPROVED
A0069,12-Mar-2024,Black,Male,48217,"153,500",58000,DENIED
A0070,2024-03-13,Hispanic,Female,79901,87500,"$36,000",DENIED
A0071,3/14/2024,White,Female,48104,164000,44500,APPROVED
A0072,15-Mar-2024,Black,female,30310,198500,69000,APPROVED
A0073,2024-03-16,White,Other,60614,306000,96000,APPROVED
A0074,3/17/2024,asian,Other,95129,208000,67000,N
A0075,18-Mar-2024,White,Male,94027,"199,500",84000,APPROVED
A0076,2024-03-19,,Female,85009,330500,126000,APPROVED
A0077,3/20/2024,Hispanic,Male,79901,139500,,DENIED
A0078,21-Mar-2024,White,Male,9999,339000,"$108,000",APPROVED
A0079,2024-03-22,Hispanic,Female,90011,258500,76000,APPROVED
A0080,3/23/2024,Hispanic,Male,78207,282500,83500,APPROVED
A0081,24-Mar-2024,white,Male,48104,"172,500",51500,APPROVED
A0082,2024-03-25,Hispanic,Male,78207,171500,75500,DENIED
 A0083 ,3/26/2024,Hispanic,M,78207,129000,55000,APPROVED
A0084,27-Mar-2024,Black,Female,63115,247500,78000,APPROVED
A0085,2024-03-28,Asian,Male,8854,243500,86000,APPROVED
A0086,3/29/2024,Black,Male,30310,127000,N/A,APPROVED
A0087,30-Mar-2024,Hispanic,Female,33125,"205,000",89000,Approved
A0088,2024-03-31,black,Female,30310,188000,61500,APPROVED
A0089,4/1/2024,Hispanic,Female,79901,272500,107500,APPROVED
A0090,02-Apr-2024,White,Male,48104,164000,48500,APPROVED
A0091,2024-04-03,White,Female,48104,110500,39500,APPROVED
A0092,4/4/2024,Asian,Male,92841,159000,48500,APPROVED
A0093,05-Apr-2024,,Female,60619,"215,500",77500,DENIED
A0094,2024-04-06,White,male,80302,277500,"$86,000",APPROVED
A0095,4/7/2024,white,Male,60614,138000,NULL,APPROVED
A0096,08-Apr-2024,White,Female,60614,185500,51500,APPROVED
A0097,2024-04-09,White,Female,48104,258500,85000,APPROVED
A0098,4/10/2024,White,Male,60614,250500,75000,DENIED
A0099,11-Apr-2024,Hispanic,Male,85009,"274,500",75000,DENIED
A0100,2024-04-12,Hispanic,Female,90011,146000,60000,Y
A0013,2024-01-16,White,Female,60614,337500,95500,APPROVED
A0056,2/28/2024,White,Female,2138,194000,76500,APPROVED
A0031,2/3/2024,WHITE,Female,94027,244000,68000,APPROVED
A0072,3/15/2024,BLACK,female,30310,198500,69000,APPROVED
